Date,SP500
30-Dec-94,459.27
03-Jan-95,459.11
04-Jan-95,460.71
05-Jan-95,460.34
06-Jan-95,460.68
09-Jan-95,460.83
10-Jan-95,461.68
11-Jan-95,461.66
12-Jan-95,461.64
13-Jan-95,465.97
16-Jan-95,469.38
17-Jan-95,470.05
18-Jan-95,469.71
19-Jan-95,466.95
20-Jan-95,464.78
23-Jan-95,465.82
24-Jan-95,465.86
25-Jan-95,467.44
26-Jan-95,468.32
27-Jan-95,470.39
30-Jan-95,468.51
31-Jan-95,470.42
01-Feb-95,470.4
02-Feb-95,472.79
03-Feb-95,478.65
06-Feb-95,481.14
07-Feb-95,480.81
08-Feb-95,481.19
09-Feb-95,480.19
10-Feb-95,481.46
13-Feb-95,481.65
14-Feb-95,482.55
15-Feb-95,484.54
16-Feb-95,485.22
17-Feb-95,481.97
21-Feb-95,482.72
22-Feb-95,485.07
23-Feb-95,486.91
24-Feb-95,488.11
27-Feb-95,483.81
28-Feb-95,487.39
01-Mar-95,485.65
02-Mar-95,485.13
03-Mar-95,485.42
06-Mar-95,485.63
07-Mar-95,482.12
08-Mar-95,483.14
09-Mar-95,483.16
10-Mar-95,489.57
13-Mar-95,490.05
14-Mar-95,492.89
15-Mar-95,491.88
16-Mar-95,495.41
17-Mar-95,495.52
20-Mar-95,496.14
21-Mar-95,495.07
22-Mar-95,495.67
23-Mar-95,495.95
24-Mar-95,500.97
27-Mar-95,503.2
28-Mar-95,503.9
29-Mar-95,503.12
30-Mar-95,502.22
31-Mar-95,500.71
03-Apr-95,501.85
04-Apr-95,505.24
05-Apr-95,505.57
06-Apr-95,506.08
07-Apr-95,506.42
10-Apr-95,507.01
11-Apr-95,505.53
12-Apr-95,507.17
13-Apr-95,509.23
17-Apr-95,506.13
18-Apr-95,505.37
19-Apr-95,504.92
20-Apr-95,505.29
21-Apr-95,508.49
24-Apr-95,512.89
25-Apr-95,512.1
26-Apr-95,512.66
27-Apr-95,513.55
28-Apr-95,514.71
01-May-95,514.26
02-May-95,514.86
03-May-95,520.48
04-May-95,520.54
05-May-95,520.12
08-May-95,523.96
09-May-95,523.56
10-May-95,524.36
11-May-95,524.37
12-May-95,525.55
15-May-95,527.74
16-May-95,528.19
17-May-95,527.07
18-May-95,519.58
19-May-95,519.19
22-May-95,523.65
23-May-95,528.59
24-May-95,528.61
25-May-95,528.59
26-May-95,523.65
30-May-95,523.58
31-May-95,533.4
01-Jun-95,533.49
02-Jun-95,532.51
05-Jun-95,535.6
06-Jun-95,535.55
07-Jun-95,533.13
08-Jun-95,532.35
09-Jun-95,527.94
12-Jun-95,530.88
13-Jun-95,536.05
14-Jun-95,536.47
15-Jun-95,537.12
16-Jun-95,539.83
19-Jun-95,545.22
20-Jun-95,544.98
21-Jun-95,543.98
22-Jun-95,551.07
23-Jun-95,549.71
26-Jun-95,544.13
27-Jun-95,542.43
28-Jun-95,544.73
29-Jun-95,543.87
30-Jun-95,544.75
03-Jul-95,547.09
05-Jul-95,547.26
06-Jul-95,553.99
07-Jul-95,556.37
10-Jul-95,557.19
11-Jul-95,554.78
12-Jul-95,560.89
13-Jul-95,561
14-Jul-95,559.89
17-Jul-95,562.72
18-Jul-95,558.46
19-Jul-95,550.98
20-Jul-95,553.54
21-Jul-95,553.62
24-Jul-95,556.63
25-Jul-95,561.1
26-Jul-95,561.61
27-Jul-95,565.22
28-Jul-95,562.93
31-Jul-95,562.06
01-Aug-95,559.64
02-Aug-95,558.8
03-Aug-95,558.75
04-Aug-95,558.94
07-Aug-95,560.03
08-Aug-95,560.39
09-Aug-95,559.71
10-Aug-95,557.45
11-Aug-95,555.11
14-Aug-95,559.74
15-Aug-95,558.57
16-Aug-95,559.97
17-Aug-95,559.04
18-Aug-95,559.21
21-Aug-95,558.11
22-Aug-95,559.52
23-Aug-95,557.14
24-Aug-95,557.46
25-Aug-95,560.1
28-Aug-95,559.05
29-Aug-95,560
30-Aug-95,560.92
31-Aug-95,561.88
01-Sep-95,563.84
05-Sep-95,569.17
06-Sep-95,570.17
07-Sep-95,570.29
08-Sep-95,572.68
11-Sep-95,573.91
12-Sep-95,576.51
13-Sep-95,578.77
14-Sep-95,583.61
15-Sep-95,583.35
18-Sep-95,582.77
19-Sep-95,584.2
20-Sep-95,586.77
21-Sep-95,583
22-Sep-95,581.73
25-Sep-95,581.81
26-Sep-95,581.41
27-Sep-95,581.04
28-Sep-95,585.87
29-Sep-95,584.41
02-Oct-95,581.72
03-Oct-95,582.34
04-Oct-95,581.47
05-Oct-95,582.63
06-Oct-95,582.49
09-Oct-95,578.37
10-Oct-95,577.52
11-Oct-95,579.46
12-Oct-95,583.1
13-Oct-95,584.5
16-Oct-95,583.03
17-Oct-95,586.78
18-Oct-95,587.44
19-Oct-95,590.65
20-Oct-95,587.46
23-Oct-95,585.06
24-Oct-95,586.54
25-Oct-95,582.47
26-Oct-95,576.72
27-Oct-95,579.7
30-Oct-95,583.25
31-Oct-95,581.5
01-Nov-95,584.22
02-Nov-95,589.72
03-Nov-95,590.57
06-Nov-95,588.46
07-Nov-95,586.32
08-Nov-95,591.71
09-Nov-95,593.26
10-Nov-95,592.72
13-Nov-95,592.3
14-Nov-95,589.29
15-Nov-95,593.96
16-Nov-95,597.34
17-Nov-95,600.07
20-Nov-95,596.85
21-Nov-95,600.24
22-Nov-95,598.4
24-Nov-95,599.97
27-Nov-95,601.32
28-Nov-95,606.45
29-Nov-95,607.64
30-Nov-95,605.37
01-Dec-95,606.98
04-Dec-95,613.68
05-Dec-95,617.68
06-Dec-95,620.18
07-Dec-95,616.17
08-Dec-95,617.48
11-Dec-95,619.52
12-Dec-95,618.78
13-Dec-95,621.69
14-Dec-95,616.92
15-Dec-95,616.34
18-Dec-95,606.81
19-Dec-95,611.93
20-Dec-95,605.94
21-Dec-95,610.49
22-Dec-95,611.95
26-Dec-95,614.3
27-Dec-95,614.53
28-Dec-95,614.12
29-Dec-95,615.93
02-Jan-96,620.73
03-Jan-96,621.32
04-Jan-96,617.7
05-Jan-96,616.71
08-Jan-96,618.46
09-Jan-96,609.45
10-Jan-96,598.48
11-Jan-96,602.69
12-Jan-96,601.81
15-Jan-96,599.82
16-Jan-96,608.44
17-Jan-96,606.37
18-Jan-96,608.24
19-Jan-96,611.83
22-Jan-96,613.4
23-Jan-96,612.79
24-Jan-96,619.96
25-Jan-96,617.03
26-Jan-96,621.62
29-Jan-96,624.22
30-Jan-96,630.15
31-Jan-96,636.02
01-Feb-96,638.46
02-Feb-96,635.84
05-Feb-96,641.43
06-Feb-96,646.33
07-Feb-96,649.93
08-Feb-96,656.07
09-Feb-96,656.37
12-Feb-96,661.45
13-Feb-96,660.51
14-Feb-96,655.58
15-Feb-96,651.32
16-Feb-96,647.98
20-Feb-96,640.65
21-Feb-96,648.1
22-Feb-96,658.86
23-Feb-96,659.08
26-Feb-96,650.46
27-Feb-96,647.24
28-Feb-96,644.75
29-Feb-96,640.43
01-Mar-96,644.37
04-Mar-96,650.81
05-Mar-96,655.79
06-Mar-96,652
07-Mar-96,653.65
08-Mar-96,633.5
11-Mar-96,640.02
12-Mar-96,637.09
13-Mar-96,638.55
14-Mar-96,640.87
15-Mar-96,641.43
18-Mar-96,652.65
19-Mar-96,651.69
20-Mar-96,649.98
21-Mar-96,649.19
22-Mar-96,650.62
25-Mar-96,650.04
26-Mar-96,652.97
27-Mar-96,648.91
28-Mar-96,648.94
29-Mar-96,645.5
01-Apr-96,653.73
02-Apr-96,655.26
03-Apr-96,655.88
04-Apr-96,655.86
08-Apr-96,644.24
09-Apr-96,642.19
10-Apr-96,633.5
11-Apr-96,631.18
12-Apr-96,636.71
15-Apr-96,642.49
16-Apr-96,645
17-Apr-96,641.61
18-Apr-96,643.61
19-Apr-96,645.07
22-Apr-96,647.89
23-Apr-96,651.58
24-Apr-96,650.17
25-Apr-96,652.87
26-Apr-96,653.46
29-Apr-96,654.16
30-Apr-96,654.17
01-May-96,654.58
02-May-96,643.38
03-May-96,641.63
06-May-96,640.81
07-May-96,638.26
08-May-96,644.77
09-May-96,645.44
10-May-96,652.09
13-May-96,661.51
14-May-96,665.6
15-May-96,665.42
16-May-96,664.85
17-May-96,668.91
20-May-96,673.15
21-May-96,672.76
22-May-96,678.42
23-May-96,676
24-May-96,678.51
28-May-96,672.23
29-May-96,667.93
30-May-96,671.7
31-May-96,669.12
03-Jun-96,667.68
04-Jun-96,672.56
05-Jun-96,678.44
06-Jun-96,673.03
07-Jun-96,673.31
10-Jun-96,672.16
11-Jun-96,670.97
12-Jun-96,669.04
13-Jun-96,667.92
14-Jun-96,665.85
17-Jun-96,665.16
18-Jun-96,662.06
19-Jun-96,661.96
20-Jun-96,662.1
21-Jun-96,666.84
24-Jun-96,668.85
25-Jun-96,668.48
26-Jun-96,664.39
27-Jun-96,668.55
28-Jun-96,670.63
01-Jul-96,675.88
02-Jul-96,673.61
03-Jul-96,672.4
05-Jul-96,657.44
08-Jul-96,652.54
09-Jul-96,654.75
10-Jul-96,656.06
11-Jul-96,645.67
12-Jul-96,646.19
15-Jul-96,629.8
16-Jul-96,628.37
17-Jul-96,634.07
18-Jul-96,643.56
19-Jul-96,638.73
22-Jul-96,633.77
23-Jul-96,626.87
24-Jul-96,626.65
25-Jul-96,631.17
26-Jul-96,635.9
29-Jul-96,630.91
30-Jul-96,635.26
31-Jul-96,639.95
01-Aug-96,650.02
02-Aug-96,662.49
05-Aug-96,660.23
06-Aug-96,662.38
07-Aug-96,664.16
08-Aug-96,662.59
09-Aug-96,662.1
12-Aug-96,665.77
13-Aug-96,660.2
14-Aug-96,662.05
15-Aug-96,662.28
16-Aug-96,665.21
19-Aug-96,666.58
20-Aug-96,665.69
21-Aug-96,665.07
22-Aug-96,670.68
23-Aug-96,667.03
26-Aug-96,663.88
27-Aug-96,666.4
28-Aug-96,664.81
29-Aug-96,657.4
30-Aug-96,651.99
03-Sep-96,654.72
04-Sep-96,655.61
05-Sep-96,649.44
06-Sep-96,655.68
09-Sep-96,663.76
10-Sep-96,663.81
11-Sep-96,667.28
12-Sep-96,671.15
13-Sep-96,680.54
16-Sep-96,683.98
17-Sep-96,682.94
18-Sep-96,681.47
19-Sep-96,683
20-Sep-96,687.03
23-Sep-96,686.48
24-Sep-96,685.61
25-Sep-96,685.83
26-Sep-96,685.86
27-Sep-96,686.19
30-Sep-96,687.33
01-Oct-96,689.08
02-Oct-96,694.01
03-Oct-96,692.78
04-Oct-96,701.46
07-Oct-96,703.34
08-Oct-96,700.64
09-Oct-96,696.74
10-Oct-96,694.61
11-Oct-96,700.66
14-Oct-96,703.54
15-Oct-96,702.57
16-Oct-96,704.41
17-Oct-96,706.99
18-Oct-96,710.82
21-Oct-96,709.85
22-Oct-96,706.57
23-Oct-96,707.27
24-Oct-96,702.29
25-Oct-96,700.92
28-Oct-96,697.26
29-Oct-96,701.5
30-Oct-96,700.9
31-Oct-96,705.27
01-Nov-96,703.77
04-Nov-96,706.73
05-Nov-96,714.14
06-Nov-96,724.59
07-Nov-96,727.65
08-Nov-96,730.82
11-Nov-96,731.87
12-Nov-96,729.56
13-Nov-96,731.13
14-Nov-96,735.88
15-Nov-96,737.62
18-Nov-96,737.02
19-Nov-96,742.16
20-Nov-96,743.95
21-Nov-96,742.75
22-Nov-96,748.73
25-Nov-96,757.03
26-Nov-96,755.96
27-Nov-96,755
29-Nov-96,757.02
02-Dec-96,756.56
03-Dec-96,748.28
04-Dec-96,745.1
05-Dec-96,744.38
06-Dec-96,739.6
09-Dec-96,749.76
10-Dec-96,747.54
11-Dec-96,740.73
12-Dec-96,729.3
13-Dec-96,728.64
16-Dec-96,720.98
17-Dec-96,726.04
18-Dec-96,731.54
19-Dec-96,745.76
20-Dec-96,748.87
23-Dec-96,746.92
24-Dec-96,751.03
26-Dec-96,755.82
27-Dec-96,756.79
30-Dec-96,753.85
31-Dec-96,740.74
02-Jan-97,737.01
03-Jan-97,748.03
06-Jan-97,747.65
07-Jan-97,753.23
08-Jan-97,748.41
09-Jan-97,754.85
10-Jan-97,759.5
13-Jan-97,759.51
14-Jan-97,768.86
15-Jan-97,767.2
16-Jan-97,769.75
17-Jan-97,776.17
20-Jan-97,776.7
21-Jan-97,782.72
22-Jan-97,786.23
23-Jan-97,777.56
24-Jan-97,770.52
27-Jan-97,765.02
28-Jan-97,765.02
29-Jan-97,772.5
30-Jan-97,784.17
31-Jan-97,786.16
03-Feb-97,786.73
04-Feb-97,789.26
05-Feb-97,778.28
06-Feb-97,780.15
07-Feb-97,789.56
10-Feb-97,785.43
11-Feb-97,789.59
12-Feb-97,802.77
13-Feb-97,811.82
14-Feb-97,808.48
18-Feb-97,816.29
19-Feb-97,812.49
20-Feb-97,802.8
21-Feb-97,801.77
24-Feb-97,810.28
25-Feb-97,812.03
26-Feb-97,805.68
27-Feb-97,795.07
28-Feb-97,790.82
03-Mar-97,795.31
04-Mar-97,790.95
05-Mar-97,801.99
06-Mar-97,798.56
07-Mar-97,804.97
10-Mar-97,813.65
11-Mar-97,811.34
12-Mar-97,804.26
13-Mar-97,789.56
14-Mar-97,793.17
17-Mar-97,795.71
18-Mar-97,789.66
19-Mar-97,785.77
20-Mar-97,782.65
21-Mar-97,784.1
24-Mar-97,790.89
25-Mar-97,789.07
26-Mar-97,790.5
27-Mar-97,773.88
31-Mar-97,757.12
01-Apr-97,759.64
02-Apr-97,750.11
03-Apr-97,750.32
04-Apr-97,757.9
07-Apr-97,762.13
08-Apr-97,766.12
09-Apr-97,760.6
10-Apr-97,758.34
11-Apr-97,737.65
14-Apr-97,743.73
15-Apr-97,754.72
16-Apr-97,763.53
17-Apr-97,761.77
18-Apr-97,766.34
21-Apr-97,760.37
22-Apr-97,774.61
23-Apr-97,773.64
24-Apr-97,771.18
25-Apr-97,765.37
28-Apr-97,772.96
29-Apr-97,794.05
30-Apr-97,801.34
01-May-97,798.53
02-May-97,812.97
05-May-97,830.29
06-May-97,827.76
07-May-97,815.62
08-May-97,820.26
09-May-97,824.78
12-May-97,837.66
13-May-97,833.13
14-May-97,836.04
15-May-97,841.88
16-May-97,829.75
19-May-97,833.27
20-May-97,841.66
21-May-97,839.35
22-May-97,835.66
23-May-97,847.03
27-May-97,849.71
28-May-97,847.21
29-May-97,844.08
30-May-97,848.28
02-Jun-97,846.36
03-Jun-97,845.48
04-Jun-97,840.11
05-Jun-97,843.43
06-Jun-97,858.01
09-Jun-97,862.91
10-Jun-97,865.27
11-Jun-97,869.57
12-Jun-97,883.46
13-Jun-97,893.27
16-Jun-97,893.9
17-Jun-97,894.42
18-Jun-97,889.06
19-Jun-97,897.99
20-Jun-97,898.7
23-Jun-97,878.62
24-Jun-97,896.34
25-Jun-97,888.99
26-Jun-97,883.68
27-Jun-97,887.3
30-Jun-97,885.14
01-Jul-97,891.03
02-Jul-97,904.03
03-Jul-97,916.92
07-Jul-97,912.2
08-Jul-97,918.75
09-Jul-97,907.54
10-Jul-97,913.78
11-Jul-97,916.68
14-Jul-97,918.38
15-Jul-97,925.76
16-Jul-97,936.59
17-Jul-97,931.61
18-Jul-97,915.3
21-Jul-97,912.94
22-Jul-97,933.98
23-Jul-97,936.56
24-Jul-97,940.3
25-Jul-97,938.79
28-Jul-97,936.45
29-Jul-97,942.29
30-Jul-97,952.29
31-Jul-97,954.31
01-Aug-97,947.14
04-Aug-97,950.3
05-Aug-97,952.37
06-Aug-97,960.32
07-Aug-97,951.19
08-Aug-97,933.54
11-Aug-97,937
12-Aug-97,926.53
13-Aug-97,922.02
14-Aug-97,924.77
15-Aug-97,900.81
18-Aug-97,912.49
19-Aug-97,926.01
20-Aug-97,939.35
21-Aug-97,925.05
22-Aug-97,923.54
25-Aug-97,920.16
26-Aug-97,913.02
27-Aug-97,913.7
28-Aug-97,903.67
29-Aug-97,899.47
02-Sep-97,927.58
03-Sep-97,927.86
04-Sep-97,930.87
05-Sep-97,929.05
08-Sep-97,931.2
09-Sep-97,933.62
10-Sep-97,919.03
11-Sep-97,912.59
12-Sep-97,923.91
15-Sep-97,919.77
16-Sep-97,945.64
17-Sep-97,943
18-Sep-97,947.29
19-Sep-97,950.51
22-Sep-97,955.43
23-Sep-97,951.93
24-Sep-97,944.48
25-Sep-97,937.91
26-Sep-97,945.22
29-Sep-97,953.34
30-Sep-97,947.28
01-Oct-97,955.41
02-Oct-97,960.46
03-Oct-97,965.03
06-Oct-97,972.69
07-Oct-97,983.12
08-Oct-97,973.84
09-Oct-97,970.62
10-Oct-97,966.98
13-Oct-97,968.1
14-Oct-97,970.28
15-Oct-97,965.72
16-Oct-97,955.25
17-Oct-97,944.16
20-Oct-97,955.61
21-Oct-97,972.28
22-Oct-97,968.49
23-Oct-97,950.69
24-Oct-97,941.64
27-Oct-97,876.99
28-Oct-97,921.85
29-Oct-97,919.16
30-Oct-97,903.68
31-Oct-97,914.62
03-Nov-97,938.99
04-Nov-97,940.76
05-Nov-97,942.76
06-Nov-97,938.03
07-Nov-97,927.51
10-Nov-97,921.13
11-Nov-97,923.78
12-Nov-97,905.96
13-Nov-97,916.66
14-Nov-97,928.35
17-Nov-97,946.2
18-Nov-97,938.23
19-Nov-97,944.59
20-Nov-97,958.98
21-Nov-97,963.09
24-Nov-97,946.67
25-Nov-97,950.82
26-Nov-97,951.64
28-Nov-97,955.4
01-Dec-97,974.77
02-Dec-97,971.68
03-Dec-97,976.77
04-Dec-97,973.1
05-Dec-97,983.79
08-Dec-97,982.37
09-Dec-97,975.78
10-Dec-97,969.79
11-Dec-97,954.94
12-Dec-97,953.39
15-Dec-97,963.39
16-Dec-97,968.04
17-Dec-97,965.54
18-Dec-97,955.3
19-Dec-97,946.78
22-Dec-97,953.7
23-Dec-97,939.13
24-Dec-97,932.7
26-Dec-97,936.46
29-Dec-97,953.35
30-Dec-97,970.84
31-Dec-97,970.43
02-Jan-98,975.04
05-Jan-98,977.07
06-Jan-98,966.58
07-Jan-98,964
08-Jan-98,956.05
09-Jan-98,927.69
12-Jan-98,939.21
13-Jan-98,952.12
14-Jan-98,957.94
15-Jan-98,950.73
16-Jan-98,961.51
20-Jan-98,978.6
21-Jan-98,970.81
22-Jan-98,963.04
23-Jan-98,957.59
26-Jan-98,956.95
27-Jan-98,969.02
28-Jan-98,977.46
29-Jan-98,985.49
30-Jan-98,980.28
02-Feb-98,1001.27
03-Feb-98,1006
04-Feb-98,1006.9
05-Feb-98,1003.54
06-Feb-98,1012.46
09-Feb-98,1010.74
10-Feb-98,1019.01
11-Feb-98,1020.01
12-Feb-98,1024.14
13-Feb-98,1020.09
17-Feb-98,1022.76
18-Feb-98,1032.08
19-Feb-98,1028.28
20-Feb-98,1034.21
23-Feb-98,1038.14
24-Feb-98,1030.56
25-Feb-98,1042.9
26-Feb-98,1048.67
27-Feb-98,1049.34
02-Mar-98,1047.7
03-Mar-98,1052.02
04-Mar-98,1047.33
05-Mar-98,1035.05
06-Mar-98,1055.69
09-Mar-98,1052.31
10-Mar-98,1064.25
11-Mar-98,1068.47
12-Mar-98,1069.92
13-Mar-98,1068.61
16-Mar-98,1079.27
17-Mar-98,1080.45
18-Mar-98,1085.52
19-Mar-98,1089.74
20-Mar-98,1099.16
23-Mar-98,1095.55
24-Mar-98,1105.65
25-Mar-98,1101.93
26-Mar-98,1100.8
27-Mar-98,1095.44
30-Mar-98,1093.6
31-Mar-98,1101.75
01-Apr-98,1108.15
02-Apr-98,1120.01
03-Apr-98,1122.7
06-Apr-98,1121.38
07-Apr-98,1109.55
08-Apr-98,1101.65
09-Apr-98,1110.67
13-Apr-98,1109.69
14-Apr-98,1115.75
15-Apr-98,1119.32
16-Apr-98,1108.17
17-Apr-98,1122.72
20-Apr-98,1123.65
21-Apr-98,1126.67
22-Apr-98,1130.54
23-Apr-98,1119.58
24-Apr-98,1107.9
27-Apr-98,1086.54
28-Apr-98,1085.11
29-Apr-98,1094.62
30-Apr-98,1111.75
01-May-98,1121
04-May-98,1122.07
05-May-98,1115.5
06-May-98,1104.92
07-May-98,1095.14
08-May-98,1108.14
11-May-98,1106.64
12-May-98,1115.79
13-May-98,1118.86
14-May-98,1117.37
15-May-98,1108.73
18-May-98,1105.82
19-May-98,1109.52
20-May-98,1119.06
21-May-98,1114.64
22-May-98,1110.47
26-May-98,1094.02
27-May-98,1092.23
28-May-98,1097.6
29-May-98,1090.82
01-Jun-98,1090.98
02-Jun-98,1093.22
03-Jun-98,1082.73
04-Jun-98,1094.83
05-Jun-98,1113.86
08-Jun-98,1115.72
09-Jun-98,1118.41
10-Jun-98,1112.28
11-Jun-98,1094.58
12-Jun-98,1098.84
15-Jun-98,1077.01
16-Jun-98,1087.59
17-Jun-98,1107.11
18-Jun-98,1106.37
19-Jun-98,1100.65
22-Jun-98,1103.21
23-Jun-98,1119.49
24-Jun-98,1132.88
25-Jun-98,1129.28
26-Jun-98,1133.2
29-Jun-98,1138.49
30-Jun-98,1133.84
01-Jul-98,1148.56
02-Jul-98,1146.42
06-Jul-98,1157.33
07-Jul-98,1154.66
08-Jul-98,1166.38
09-Jul-98,1158.56
10-Jul-98,1164.33
13-Jul-98,1165.19
14-Jul-98,1177.58
15-Jul-98,1174.81
16-Jul-98,1183.99
17-Jul-98,1186.75
20-Jul-98,1184.1
21-Jul-98,1165.07
22-Jul-98,1164.08
23-Jul-98,1139.75
24-Jul-98,1140.8
27-Jul-98,1147.27
28-Jul-98,1130.24
29-Jul-98,1125.21
30-Jul-98,1142.95
31-Jul-98,1120.67
03-Aug-98,1112.44
04-Aug-98,1072.12
05-Aug-98,1081.43
06-Aug-98,1089.63
07-Aug-98,1089.45
10-Aug-98,1083.14
11-Aug-98,1068.98
12-Aug-98,1084.22
13-Aug-98,1074.91
14-Aug-98,1062.75
17-Aug-98,1083.67
18-Aug-98,1101.2
19-Aug-98,1098.06
20-Aug-98,1091.6
21-Aug-98,1081.24
24-Aug-98,1088.14
25-Aug-98,1092.85
26-Aug-98,1084.19
27-Aug-98,1042.59
28-Aug-98,1027.14
31-Aug-98,957.28
01-Sep-98,994.26
02-Sep-98,990.48
03-Sep-98,982.26
04-Sep-98,973.89
08-Sep-98,1023.46
09-Sep-98,1006.2
10-Sep-98,980.19
11-Sep-98,1009.06
14-Sep-98,1029.72
15-Sep-98,1037.68
16-Sep-98,1045.48
17-Sep-98,1018.87
18-Sep-98,1020.09
21-Sep-98,1023.89
22-Sep-98,1029.63
23-Sep-98,1066.09
24-Sep-98,1042.72
25-Sep-98,1044.75
28-Sep-98,1048.69
29-Sep-98,1049.02
30-Sep-98,1017.01
01-Oct-98,986.39
02-Oct-98,1002.6
05-Oct-98,988.56
06-Oct-98,984.59
07-Oct-98,970.68
08-Oct-98,959.44
09-Oct-98,984.39
12-Oct-98,997.71
13-Oct-98,994.8
14-Oct-98,1005.53
15-Oct-98,1047.49
16-Oct-98,1056.42
19-Oct-98,1062.39
20-Oct-98,1063.93
21-Oct-98,1069.92
22-Oct-98,1078.48
23-Oct-98,1070.67
26-Oct-98,1072.32
27-Oct-98,1065.34
28-Oct-98,1068.09
29-Oct-98,1085.93
30-Oct-98,1098.67
02-Nov-98,1111.6
03-Nov-98,1110.84
04-Nov-98,1118.67
05-Nov-98,1133.85
06-Nov-98,1141.01
09-Nov-98,1130.2
10-Nov-98,1128.26
11-Nov-98,1120.97
12-Nov-98,1117.69
13-Nov-98,1125.72
16-Nov-98,1135.87
17-Nov-98,1139.32
18-Nov-98,1144.48
19-Nov-98,1152.61
20-Nov-98,1163.55
23-Nov-98,1188.21
24-Nov-98,1182.99
25-Nov-98,1186.87
27-Nov-98,1192.33
30-Nov-98,1163.63
01-Dec-98,1175.28
02-Dec-98,1171.25
03-Dec-98,1150.14
04-Dec-98,1176.74
07-Dec-98,1187.7
08-Dec-98,1181.38
09-Dec-98,1183.49
10-Dec-98,1165.02
11-Dec-98,1166.46
14-Dec-98,1141.2
15-Dec-98,1162.83
16-Dec-98,1161.94
17-Dec-98,1179.98
18-Dec-98,1188.03
21-Dec-98,1202.84
22-Dec-98,1203.57
23-Dec-98,1228.54
24-Dec-98,1226.27
28-Dec-98,1225.49
29-Dec-98,1241.81
30-Dec-98,1231.93
31-Dec-98,1229.23
04-Jan-99,1228.1
05-Jan-99,1244.78
06-Jan-99,1272.34
07-Jan-99,1269.73
08-Jan-99,1275.09
11-Jan-99,1263.88
12-Jan-99,1239.51
13-Jan-99,1234.4
14-Jan-99,1212.19
15-Jan-99,1243.26
19-Jan-99,1252
20-Jan-99,1256.62
21-Jan-99,1235.16
22-Jan-99,1225.19
25-Jan-99,1233.98
26-Jan-99,1252.31
27-Jan-99,1243.17
28-Jan-99,1265.37
29-Jan-99,1279.64
01-Feb-99,1273
02-Feb-99,1261.99
03-Feb-99,1272.07
04-Feb-99,1248.49
05-Feb-99,1239.4
08-Feb-99,1243.77
09-Feb-99,1216.14
10-Feb-99,1223.55
11-Feb-99,1254.04
12-Feb-99,1230.13
16-Feb-99,1241.87
17-Feb-99,1224.03
18-Feb-99,1237.28
19-Feb-99,1239.22
22-Feb-99,1272.14
23-Feb-99,1271.18
24-Feb-99,1253.41
25-Feb-99,1245.02
26-Feb-99,1238.33
01-Mar-99,1236.16
02-Mar-99,1225.5
03-Mar-99,1227.7
04-Mar-99,1246.64
05-Mar-99,1275.47
08-Mar-99,1282.73
09-Mar-99,1279.84
10-Mar-99,1286.84
11-Mar-99,1297.68
12-Mar-99,1294.59
15-Mar-99,1307.26
16-Mar-99,1306.38
17-Mar-99,1297.82
18-Mar-99,1316.55
19-Mar-99,1299.29
22-Mar-99,1297.01
23-Mar-99,1262.14
24-Mar-99,1268.59
25-Mar-99,1289.99
26-Mar-99,1282.8
29-Mar-99,1310.17
30-Mar-99,1300.75
31-Mar-99,1286.37
01-Apr-99,1293.72
05-Apr-99,1321.12
06-Apr-99,1317.89
07-Apr-99,1326.89
08-Apr-99,1343.98
09-Apr-99,1348.35
12-Apr-99,1358.63
13-Apr-99,1349.82
14-Apr-99,1328.44
15-Apr-99,1322.85
16-Apr-99,1319
19-Apr-99,1289.48
20-Apr-99,1306.17
21-Apr-99,1336.12
22-Apr-99,1358.82
23-Apr-99,1356.85
26-Apr-99,1360.04
27-Apr-99,1362.8
28-Apr-99,1350.91
29-Apr-99,1342.83
30-Apr-99,1335.18
03-May-99,1354.63
04-May-99,1332
05-May-99,1347.31
06-May-99,1332.05
07-May-99,1345
10-May-99,1340.3
11-May-99,1355.61
12-May-99,1364
13-May-99,1367.56
14-May-99,1337.8
17-May-99,1339.49
18-May-99,1333.32
19-May-99,1344.23
20-May-99,1338.83
21-May-99,1330.29
24-May-99,1306.65
25-May-99,1284.4
26-May-99,1304.76
27-May-99,1281.41
28-May-99,1301.84
01-Jun-99,1294.26
02-Jun-99,1294.81
03-Jun-99,1299.54
04-Jun-99,1327.75
07-Jun-99,1334.52
08-Jun-99,1317.33
09-Jun-99,1318.64
10-Jun-99,1302.82
11-Jun-99,1293.64
14-Jun-99,1294
15-Jun-99,1301.16
16-Jun-99,1330.41
17-Jun-99,1339.9
18-Jun-99,1342.84
21-Jun-99,1349
22-Jun-99,1335.88
23-Jun-99,1333.06
24-Jun-99,1315.78
25-Jun-99,1315.31
28-Jun-99,1331.35
29-Jun-99,1351.45
30-Jun-99,1372.71
01-Jul-99,1380.96
02-Jul-99,1391.22
06-Jul-99,1388.12
07-Jul-99,1395.86
08-Jul-99,1394.42
09-Jul-99,1403.28
12-Jul-99,1399.1
13-Jul-99,1393.56
14-Jul-99,1398.17
15-Jul-99,1409.62
16-Jul-99,1418.78
19-Jul-99,1407.65
20-Jul-99,1377.1
21-Jul-99,1379.29
22-Jul-99,1360.97
23-Jul-99,1356.94
26-Jul-99,1347.76
27-Jul-99,1362.84
28-Jul-99,1365.4
29-Jul-99,1341.03
30-Jul-99,1328.72
02-Aug-99,1328.05
03-Aug-99,1322.18
04-Aug-99,1305.33
05-Aug-99,1313.71
06-Aug-99,1300.29
09-Aug-99,1297.8
10-Aug-99,1281.43
11-Aug-99,1301.93
12-Aug-99,1298.16
13-Aug-99,1327.68
16-Aug-99,1330.77
17-Aug-99,1344.16
18-Aug-99,1332.84
19-Aug-99,1323.59
20-Aug-99,1336.61
23-Aug-99,1360.22
24-Aug-99,1363.5
25-Aug-99,1381.79
26-Aug-99,1362.01
27-Aug-99,1348.27
30-Aug-99,1324.02
31-Aug-99,1320.41
01-Sep-99,1331.07
02-Sep-99,1319.11
03-Sep-99,1357.24
07-Sep-99,1350.45
08-Sep-99,1344.15
09-Sep-99,1347.66
10-Sep-99,1351.66
13-Sep-99,1344.13
14-Sep-99,1336.29
15-Sep-99,1317.97
16-Sep-99,1318.48
17-Sep-99,1335.42
20-Sep-99,1335.53
21-Sep-99,1307.58
22-Sep-99,1310.51
23-Sep-99,1280.41
24-Sep-99,1277.36
27-Sep-99,1283.31
28-Sep-99,1282.2
29-Sep-99,1268.37
30-Sep-99,1282.71
01-Oct-99,1282.81
04-Oct-99,1304.6
05-Oct-99,1301.35
06-Oct-99,1325.4
07-Oct-99,1317.64
08-Oct-99,1336.02
11-Oct-99,1335.21
12-Oct-99,1313.04
13-Oct-99,1285.55
14-Oct-99,1283.42
15-Oct-99,1247.41
18-Oct-99,1254.13
19-Oct-99,1261.32
20-Oct-99,1289.43
21-Oct-99,1283.61
22-Oct-99,1301.65
25-Oct-99,1293.63
26-Oct-99,1281.91
27-Oct-99,1296.71
28-Oct-99,1342.44
29-Oct-99,1362.93
01-Nov-99,1354.12
02-Nov-99,1347.74
03-Nov-99,1354.93
04-Nov-99,1362.64
05-Nov-99,1370.23
08-Nov-99,1377.01
09-Nov-99,1365.28
10-Nov-99,1373.46
11-Nov-99,1381.46
12-Nov-99,1396.06
15-Nov-99,1394.39
16-Nov-99,1420.07
17-Nov-99,1410.71
18-Nov-99,1424.94
19-Nov-99,1422
22-Nov-99,1420.94
23-Nov-99,1404.64
24-Nov-99,1417.08
26-Nov-99,1416.62
29-Nov-99,1407.83
30-Nov-99,1388.91
01-Dec-99,1397.72
02-Dec-99,1409.04
03-Dec-99,1433.3
06-Dec-99,1423.33
07-Dec-99,1409.17
08-Dec-99,1403.88
09-Dec-99,1408.11
10-Dec-99,1417.04
13-Dec-99,1415.22
14-Dec-99,1403.17
15-Dec-99,1413.33
16-Dec-99,1418.78
17-Dec-99,1421.03
20-Dec-99,1418.09
21-Dec-99,1433.43
22-Dec-99,1436.13
23-Dec-99,1458.34
27-Dec-99,1457.1
28-Dec-99,1457.66
29-Dec-99,1463.46
30-Dec-99,1464.47
31-Dec-99,1469.25
03-Jan-00,1455.22
04-Jan-00,1399.42
05-Jan-00,1402.11
06-Jan-00,1403.45
07-Jan-00,1441.47
10-Jan-00,1457.6
11-Jan-00,1438.56
12-Jan-00,1432.25
13-Jan-00,1449.68
14-Jan-00,1465.15
18-Jan-00,1455.14
19-Jan-00,1455.9
20-Jan-00,1445.57
21-Jan-00,1441.36
24-Jan-00,1401.53
25-Jan-00,1410.03
26-Jan-00,1404.09
27-Jan-00,1398.56
28-Jan-00,1360.16
31-Jan-00,1394.46
01-Feb-00,1409.28
02-Feb-00,1409.12
03-Feb-00,1424.97
04-Feb-00,1424.37
07-Feb-00,1424.24
08-Feb-00,1441.72
09-Feb-00,1411.71
10-Feb-00,1416.83
11-Feb-00,1387.12
14-Feb-00,1389.94
15-Feb-00,1402.05
16-Feb-00,1387.67
17-Feb-00,1388.26
18-Feb-00,1346.09
22-Feb-00,1352.17
23-Feb-00,1360.69
24-Feb-00,1353.43
25-Feb-00,1333.36
28-Feb-00,1348.05
29-Feb-00,1366.42
01-Mar-00,1379.19
02-Mar-00,1381.76
03-Mar-00,1409.17
06-Mar-00,1391.28
07-Mar-00,1355.62
08-Mar-00,1366.7
09-Mar-00,1401.69
10-Mar-00,1395.07
13-Mar-00,1383.62
14-Mar-00,1359.15
15-Mar-00,1392.14
16-Mar-00,1458.47
17-Mar-00,1464.47
20-Mar-00,1456.63
21-Mar-00,1493.87
22-Mar-00,1500.64
23-Mar-00,1527.35
24-Mar-00,1527.46
27-Mar-00,1523.86
28-Mar-00,1507.73
29-Mar-00,1508.52
30-Mar-00,1487.92
31-Mar-00,1498.58
03-Apr-00,1505.97
04-Apr-00,1494.73
05-Apr-00,1487.37
06-Apr-00,1501.34
07-Apr-00,1516.35
10-Apr-00,1504.46
11-Apr-00,1500.59
12-Apr-00,1467.17
13-Apr-00,1440.51
14-Apr-00,1356.56
17-Apr-00,1401.44
18-Apr-00,1441.61
19-Apr-00,1427.47
20-Apr-00,1434.54
24-Apr-00,1429.86
25-Apr-00,1477.44
26-Apr-00,1460.99
27-Apr-00,1464.92
28-Apr-00,1452.43
01-May-00,1468.25
02-May-00,1446.29
03-May-00,1415.1
04-May-00,1409.57
05-May-00,1432.63
08-May-00,1424.17
09-May-00,1412.14
10-May-00,1383.05
11-May-00,1407.81
12-May-00,1420.96
15-May-00,1452.36
16-May-00,1466.04
17-May-00,1447.8
18-May-00,1437.21
19-May-00,1406.95
22-May-00,1400.72
23-May-00,1373.86
24-May-00,1399.05
25-May-00,1381.52
26-May-00,1378.02
30-May-00,1422.45
31-May-00,1420.6
01-Jun-00,1448.81
02-Jun-00,1477.26
05-Jun-00,1467.63
06-Jun-00,1457.84
07-Jun-00,1471.36
08-Jun-00,1461.67
09-Jun-00,1456.95
12-Jun-00,1446
13-Jun-00,1469.44
14-Jun-00,1470.54
15-Jun-00,1478.73
16-Jun-00,1464.46
19-Jun-00,1486
20-Jun-00,1475.95
21-Jun-00,1479.13
22-Jun-00,1452.18
23-Jun-00,1441.48
26-Jun-00,1455.31
27-Jun-00,1450.55
28-Jun-00,1454.82
29-Jun-00,1442.39
30-Jun-00,1454.6
03-Jul-00,1469.54
05-Jul-00,1446.23
06-Jul-00,1456.67
07-Jul-00,1478.9
10-Jul-00,1475.62
11-Jul-00,1480.88
12-Jul-00,1492.92
13-Jul-00,1495.84
14-Jul-00,1509.98
17-Jul-00,1510.49
18-Jul-00,1493.74
19-Jul-00,1481.96
20-Jul-00,1495.57
21-Jul-00,1480.19
24-Jul-00,1464.29
25-Jul-00,1474.47
26-Jul-00,1452.42
27-Jul-00,1449.62
28-Jul-00,1419.89
31-Jul-00,1430.83
01-Aug-00,1438.1
02-Aug-00,1438.7
03-Aug-00,1452.56
04-Aug-00,1462.93
07-Aug-00,1479.32
08-Aug-00,1482.8
09-Aug-00,1472.87
10-Aug-00,1460.25
11-Aug-00,1471.84
14-Aug-00,1491.56
15-Aug-00,1484.43
16-Aug-00,1479.85
17-Aug-00,1496.07
18-Aug-00,1491.72
21-Aug-00,1499.48
22-Aug-00,1498.13
23-Aug-00,1505.97
24-Aug-00,1508.31
25-Aug-00,1506.45
28-Aug-00,1514.09
29-Aug-00,1509.84
30-Aug-00,1502.59
31-Aug-00,1517.68
01-Sep-00,1520.77
05-Sep-00,1507.08
06-Sep-00,1492.25
07-Sep-00,1502.51
08-Sep-00,1494.5
11-Sep-00,1489.26
12-Sep-00,1481.99
13-Sep-00,1484.91
14-Sep-00,1480.87
15-Sep-00,1465.81
18-Sep-00,1444.51
19-Sep-00,1459.9
20-Sep-00,1451.34
21-Sep-00,1449.05
22-Sep-00,1448.72
25-Sep-00,1439.03
26-Sep-00,1427.21
27-Sep-00,1426.57
28-Sep-00,1458.29
29-Sep-00,1436.51
02-Oct-00,1436.23
03-Oct-00,1426.46
04-Oct-00,1434.32
05-Oct-00,1436.28
06-Oct-00,1408.99
09-Oct-00,1402.03
10-Oct-00,1387.02
11-Oct-00,1364.59
12-Oct-00,1329.78
13-Oct-00,1374.17
16-Oct-00,1374.62
17-Oct-00,1349.97
18-Oct-00,1342.13
19-Oct-00,1388.76
20-Oct-00,1396.93
23-Oct-00,1395.78
24-Oct-00,1398.13
25-Oct-00,1364.9
26-Oct-00,1364.44
27-Oct-00,1379.58
30-Oct-00,1398.66
31-Oct-00,1429.4
01-Nov-00,1421.22
02-Nov-00,1428.32
03-Nov-00,1426.69
06-Nov-00,1432.19
07-Nov-00,1431.87
08-Nov-00,1409.28
09-Nov-00,1400.14
10-Nov-00,1365.98
13-Nov-00,1351.26
14-Nov-00,1382.95
15-Nov-00,1389.81
16-Nov-00,1372.32
17-Nov-00,1367.72
20-Nov-00,1342.62
21-Nov-00,1347.35
22-Nov-00,1322.36
24-Nov-00,1341.77
27-Nov-00,1348.97
28-Nov-00,1336.09
29-Nov-00,1341.93
30-Nov-00,1314.95
01-Dec-00,1315.23
04-Dec-00,1324.97
05-Dec-00,1376.54
06-Dec-00,1351.46
07-Dec-00,1343.55
08-Dec-00,1369.89
11-Dec-00,1380.2
12-Dec-00,1371.18
13-Dec-00,1359.99
14-Dec-00,1340.93
15-Dec-00,1312.15
18-Dec-00,1322.74
19-Dec-00,1305.6
20-Dec-00,1264.74
21-Dec-00,1274.86
22-Dec-00,1305.95
26-Dec-00,1315.19
27-Dec-00,1328.92
28-Dec-00,1334.22
29-Dec-00,1320.28
02-Jan-01,1283.27
03-Jan-01,1347.56
04-Jan-01,1333.34
05-Jan-01,1298.35
08-Jan-01,1295.86
09-Jan-01,1300.8
10-Jan-01,1313.27
11-Jan-01,1326.82
12-Jan-01,1318.55
16-Jan-01,1326.65
17-Jan-01,1329.47
18-Jan-01,1347.97
19-Jan-01,1342.54
22-Jan-01,1342.9
23-Jan-01,1360.4
24-Jan-01,1364.3
25-Jan-01,1357.51
26-Jan-01,1354.95
29-Jan-01,1364.17
30-Jan-01,1373.73
31-Jan-01,1366.01
01-Feb-01,1373.47
02-Feb-01,1349.47
05-Feb-01,1354.31
06-Feb-01,1352.26
07-Feb-01,1340.89
08-Feb-01,1332.53
09-Feb-01,1314.76
12-Feb-01,1330.31
13-Feb-01,1318.8
14-Feb-01,1315.92
15-Feb-01,1326.61
16-Feb-01,1301.53
20-Feb-01,1278.94
21-Feb-01,1255.27
22-Feb-01,1252.82
23-Feb-01,1245.86
26-Feb-01,1267.65
27-Feb-01,1257.94
28-Feb-01,1239.94
01-Mar-01,1241.23
02-Mar-01,1234.18
05-Mar-01,1241.41
06-Mar-01,1253.8
07-Mar-01,1261.89
08-Mar-01,1264.74
09-Mar-01,1233.42
12-Mar-01,1180.16
13-Mar-01,1197.66
14-Mar-01,1166.71
15-Mar-01,1173.56
16-Mar-01,1150.53
19-Mar-01,1170.81
20-Mar-01,1142.62
21-Mar-01,1122.14
22-Mar-01,1117.58
23-Mar-01,1139.83
26-Mar-01,1152.69
27-Mar-01,1182.17
28-Mar-01,1153.29
29-Mar-01,1147.95
30-Mar-01,1160.33
02-Apr-01,1145.87
03-Apr-01,1106.46
04-Apr-01,1103.25
05-Apr-01,1151.44
06-Apr-01,1128.43
09-Apr-01,1137.59
10-Apr-01,1168.38
11-Apr-01,1165.89
12-Apr-01,1183.5
16-Apr-01,1179.68
17-Apr-01,1191.81
18-Apr-01,1238.16
19-Apr-01,1253.69
20-Apr-01,1242.98
23-Apr-01,1224.36
24-Apr-01,1209.47
25-Apr-01,1228.75
26-Apr-01,1234.52
27-Apr-01,1253.05
30-Apr-01,1249.46
01-May-01,1266.44
02-May-01,1267.43
03-May-01,1248.58
04-May-01,1266.61
07-May-01,1263.51
08-May-01,1261.2
09-May-01,1255.54
10-May-01,1255.18
11-May-01,1245.67
14-May-01,1248.92
15-May-01,1249.44
16-May-01,1284.99
17-May-01,1288.49
18-May-01,1291.96
21-May-01,1312.83
22-May-01,1309.38
23-May-01,1289.05
24-May-01,1293.17
25-May-01,1277.89
29-May-01,1267.93
30-May-01,1248.08
31-May-01,1255.82
01-Jun-01,1260.67
04-Jun-01,1267.11
05-Jun-01,1283.57
06-Jun-01,1270.03
07-Jun-01,1276.96
08-Jun-01,1264.96
11-Jun-01,1254.39
12-Jun-01,1255.85
13-Jun-01,1241.6
14-Jun-01,1219.87
15-Jun-01,1214.36
18-Jun-01,1208.43
19-Jun-01,1212.58
20-Jun-01,1223.14
21-Jun-01,1237.04
22-Jun-01,1225.35
25-Jun-01,1218.6
26-Jun-01,1216.76
27-Jun-01,1211.07
28-Jun-01,1226.2
29-Jun-01,1224.38
02-Jul-01,1236.72
03-Jul-01,1234.45
05-Jul-01,1219.24
06-Jul-01,1190.59
09-Jul-01,1198.78
10-Jul-01,1181.52
11-Jul-01,1180.18
12-Jul-01,1208.14
13-Jul-01,1215.68
16-Jul-01,1202.45
17-Jul-01,1214.44
18-Jul-01,1207.71
19-Jul-01,1215.02
20-Jul-01,1210.85
23-Jul-01,1191.03
24-Jul-01,1171.65
25-Jul-01,1190.49
26-Jul-01,1202.93
27-Jul-01,1205.82
30-Jul-01,1204.52
31-Jul-01,1211.23
01-Aug-01,1215.93
02-Aug-01,1220.75
03-Aug-01,1214.35
06-Aug-01,1200.48
07-Aug-01,1204.4
08-Aug-01,1183.53
09-Aug-01,1183.43
10-Aug-01,1190.16
13-Aug-01,1191.29
14-Aug-01,1186.73
15-Aug-01,1178.02
16-Aug-01,1181.66
17-Aug-01,1161.97
20-Aug-01,1171.41
21-Aug-01,1157.26
22-Aug-01,1165.31
23-Aug-01,1162.09
24-Aug-01,1184.93
27-Aug-01,1179.21
28-Aug-01,1161.51
29-Aug-01,1148.56
30-Aug-01,1129.03
31-Aug-01,1133.58
04-Sep-01,1132.94
05-Sep-01,1131.74
06-Sep-01,1106.4
07-Sep-01,1085.78
10-Sep-01,1092.54
17-Sep-01,1038.77
18-Sep-01,1032.74
19-Sep-01,1016.1
20-Sep-01,984.54
21-Sep-01,965.8
24-Sep-01,1003.45
25-Sep-01,1012.27
26-Sep-01,1007.04
27-Sep-01,1018.61
28-Sep-01,1040.94
01-Oct-01,1038.55
02-Oct-01,1051.33
03-Oct-01,1072.28
04-Oct-01,1069.63
05-Oct-01,1071.38
08-Oct-01,1062.44
09-Oct-01,1056.75
10-Oct-01,1080.99
11-Oct-01,1097.43
12-Oct-01,1091.65
15-Oct-01,1089.98
16-Oct-01,1097.54
17-Oct-01,1077.09
18-Oct-01,1068.61
19-Oct-01,1073.48
22-Oct-01,1089.9
23-Oct-01,1084.78
24-Oct-01,1085.2
25-Oct-01,1100.09
26-Oct-01,1104.61
29-Oct-01,1078.3
30-Oct-01,1059.79
31-Oct-01,1059.78
01-Nov-01,1084.1
02-Nov-01,1087.2
05-Nov-01,1102.84
06-Nov-01,1118.86
07-Nov-01,1115.8
08-Nov-01,1118.54
09-Nov-01,1120.31
12-Nov-01,1118.33
13-Nov-01,1139.09
14-Nov-01,1141.21
15-Nov-01,1142.24
16-Nov-01,1138.65
19-Nov-01,1151.06
20-Nov-01,1142.66
21-Nov-01,1137.03
23-Nov-01,1150.34
26-Nov-01,1157.42
27-Nov-01,1149.5
28-Nov-01,1128.52
29-Nov-01,1140.2
30-Nov-01,1139.45
03-Dec-01,1129.9
04-Dec-01,1144.8
05-Dec-01,1170.35
06-Dec-01,1167.1
07-Dec-01,1158.31
10-Dec-01,1139.93
11-Dec-01,1136.76
12-Dec-01,1137.07
13-Dec-01,1119.38
14-Dec-01,1123.09
17-Dec-01,1134.36
18-Dec-01,1142.92
19-Dec-01,1149.56
20-Dec-01,1139.93
21-Dec-01,1144.89
24-Dec-01,1144.65
26-Dec-01,1149.37
27-Dec-01,1157.13
28-Dec-01,1161.02
31-Dec-01,1148.08
02-Jan-02,1154.67
03-Jan-02,1165.27
04-Jan-02,1172.51
07-Jan-02,1164.89
08-Jan-02,1160.71
09-Jan-02,1155.14
10-Jan-02,1156.55
11-Jan-02,1145.6
14-Jan-02,1138.41
15-Jan-02,1146.19
16-Jan-02,1127.57
17-Jan-02,1138.88
18-Jan-02,1127.58
22-Jan-02,1119.31
23-Jan-02,1128.18
24-Jan-02,1132.15
25-Jan-02,1133.28
28-Jan-02,1133.06
29-Jan-02,1100.64
30-Jan-02,1113.57
31-Jan-02,1130.2
01-Feb-02,1122.2
04-Feb-02,1094.44
05-Feb-02,1090.02
06-Feb-02,1083.51
07-Feb-02,1080.17
08-Feb-02,1096.22
11-Feb-02,1111.94
12-Feb-02,1107.5
13-Feb-02,1118.51
14-Feb-02,1116.48
15-Feb-02,1104.18
19-Feb-02,1083.34
20-Feb-02,1097.98
21-Feb-02,1080.95
22-Feb-02,1089.84
25-Feb-02,1109.43
26-Feb-02,1109.38
27-Feb-02,1109.89
28-Feb-02,1106.73
01-Mar-02,1131.78
04-Mar-02,1153.84
05-Mar-02,1146.14
06-Mar-02,1162.77
07-Mar-02,1157.54
08-Mar-02,1164.31
11-Mar-02,1168.26
12-Mar-02,1165.58
13-Mar-02,1154.09
14-Mar-02,1153.04
15-Mar-02,1166.16
18-Mar-02,1165.55
19-Mar-02,1170.29
20-Mar-02,1151.85
21-Mar-02,1153.59
22-Mar-02,1148.7
25-Mar-02,1131.87
26-Mar-02,1138.49
27-Mar-02,1144.58
28-Mar-02,1147.39
01-Apr-02,1146.54
02-Apr-02,1136.76
03-Apr-02,1125.4
04-Apr-02,1126.34
05-Apr-02,1122.73
08-Apr-02,1125.29
09-Apr-02,1117.8
10-Apr-02,1130.47
11-Apr-02,1103.69
12-Apr-02,1111.01
15-Apr-02,1102.55
16-Apr-02,1128.37
17-Apr-02,1126.07
18-Apr-02,1124.47
19-Apr-02,1125.17
22-Apr-02,1107.83
23-Apr-02,1100.96
24-Apr-02,1093.14
25-Apr-02,1091.48
26-Apr-02,1076.32
29-Apr-02,1065.45
30-Apr-02,1076.92
01-May-02,1086.46
02-May-02,1084.56
03-May-02,1073.43
06-May-02,1052.67
07-May-02,1049.49
08-May-02,1088.85
09-May-02,1073.01
10-May-02,1054.99
13-May-02,1074.56
14-May-02,1097.28
15-May-02,1091.07
16-May-02,1098.23
17-May-02,1106.59
20-May-02,1091.88
21-May-02,1079.88
22-May-02,1086.02
23-May-02,1097.08
24-May-02,1083.82
28-May-02,1074.55
29-May-02,1067.66
30-May-02,1064.66
31-May-02,1067.14
03-Jun-02,1040.68
04-Jun-02,1040.69
05-Jun-02,1049.9
06-Jun-02,1029.15
07-Jun-02,1027.53
10-Jun-02,1030.74
11-Jun-02,1013.6
12-Jun-02,1020.26
13-Jun-02,1009.56
14-Jun-02,1007.27
17-Jun-02,1036.17
18-Jun-02,1037.14
19-Jun-02,1019.99
20-Jun-02,1006.29
21-Jun-02,989.14
24-Jun-02,992.72
25-Jun-02,976.14
26-Jun-02,973.53
27-Jun-02,990.64
28-Jun-02,989.82
01-Jul-02,968.65
02-Jul-02,948.09
03-Jul-02,953.99
05-Jul-02,989.03
08-Jul-02,976.98
09-Jul-02,952.83
10-Jul-02,920.47
11-Jul-02,927.37
12-Jul-02,921.39
15-Jul-02,917.93
16-Jul-02,900.94
17-Jul-02,906.04
18-Jul-02,881.56
19-Jul-02,847.75
22-Jul-02,819.85
23-Jul-02,797.7
24-Jul-02,843.43
25-Jul-02,838.68
26-Jul-02,852.84
29-Jul-02,898.96
30-Jul-02,902.78
31-Jul-02,911.62
01-Aug-02,884.66
02-Aug-02,864.24
05-Aug-02,834.6
06-Aug-02,859.57
07-Aug-02,876.77
08-Aug-02,905.46
09-Aug-02,908.64
12-Aug-02,903.8
13-Aug-02,884.21
14-Aug-02,919.62
15-Aug-02,930.25
16-Aug-02,928.77
19-Aug-02,950.7
20-Aug-02,937.43
21-Aug-02,949.36
22-Aug-02,962.7
23-Aug-02,940.86
26-Aug-02,947.95
27-Aug-02,934.82
28-Aug-02,917.87
29-Aug-02,917.8
30-Aug-02,916.07
03-Sep-02,878.02
04-Sep-02,893.4
05-Sep-02,879.15
06-Sep-02,893.92
09-Sep-02,902.96
10-Sep-02,909.58
11-Sep-02,909.45
12-Sep-02,886.91
13-Sep-02,889.81
16-Sep-02,891.1
17-Sep-02,873.52
18-Sep-02,869.46
19-Sep-02,843.32
20-Sep-02,845.39
23-Sep-02,833.7
24-Sep-02,819.29
25-Sep-02,839.66
26-Sep-02,854.95
27-Sep-02,827.37
30-Sep-02,815.28
01-Oct-02,847.91
02-Oct-02,827.91
03-Oct-02,818.95
04-Oct-02,800.58
07-Oct-02,785.28
08-Oct-02,798.55
09-Oct-02,776.76
10-Oct-02,803.92
11-Oct-02,835.32
14-Oct-02,841.44
15-Oct-02,881.27
16-Oct-02,860.02
17-Oct-02,879.2
18-Oct-02,884.39
21-Oct-02,899.72
22-Oct-02,890.16
23-Oct-02,896.14
24-Oct-02,882.5
25-Oct-02,897.65
28-Oct-02,890.23
29-Oct-02,882.15
30-Oct-02,890.71
31-Oct-02,885.76
01-Nov-02,900.96
04-Nov-02,908.35
05-Nov-02,915.39
06-Nov-02,923.76
07-Nov-02,902.65
08-Nov-02,894.74
11-Nov-02,876.19
12-Nov-02,882.95
13-Nov-02,882.53
14-Nov-02,904.27
15-Nov-02,909.83
18-Nov-02,900.36
19-Nov-02,896.74
20-Nov-02,914.15
21-Nov-02,933.76
22-Nov-02,930.55
25-Nov-02,932.87
26-Nov-02,913.31
27-Nov-02,938.87
29-Nov-02,936.31
02-Dec-02,934.53
03-Dec-02,920.75
04-Dec-02,917.58
05-Dec-02,906.55
06-Dec-02,912.23
09-Dec-02,892
10-Dec-02,904.45
11-Dec-02,904.96
12-Dec-02,901.58
13-Dec-02,889.48
16-Dec-02,910.4
17-Dec-02,902.99
18-Dec-02,891.12
19-Dec-02,884.25
20-Dec-02,895.76
23-Dec-02,897.38
24-Dec-02,892.47
26-Dec-02,889.66
27-Dec-02,875.4
30-Dec-02,879.39
31-Dec-02,879.82
02-Jan-03,909.03
03-Jan-03,908.59
06-Jan-03,929.01
07-Jan-03,922.93
08-Jan-03,909.93
09-Jan-03,927.57
10-Jan-03,927.57
13-Jan-03,926.26
14-Jan-03,931.66
15-Jan-03,918.22
16-Jan-03,914.6
17-Jan-03,901.78
21-Jan-03,887.62
22-Jan-03,878.36
23-Jan-03,887.34
24-Jan-03,861.4
27-Jan-03,847.48
28-Jan-03,858.54
29-Jan-03,864.36
30-Jan-03,844.61
31-Jan-03,855.7
03-Feb-03,860.32
04-Feb-03,848.2
05-Feb-03,843.59
06-Feb-03,838.15
07-Feb-03,829.69
10-Feb-03,835.97
11-Feb-03,829.2
12-Feb-03,818.68
13-Feb-03,817.37
14-Feb-03,834.89
18-Feb-03,851.17
19-Feb-03,845.13
20-Feb-03,837.1
21-Feb-03,848.17
24-Feb-03,832.58
25-Feb-03,838.57
26-Feb-03,827.55
27-Feb-03,837.28
28-Feb-03,841.15
03-Mar-03,834.81
04-Mar-03,821.99
05-Mar-03,829.85
06-Mar-03,822.1
07-Mar-03,828.89
10-Mar-03,807.48
11-Mar-03,800.73
12-Mar-03,804.19
13-Mar-03,831.9
14-Mar-03,833.27
17-Mar-03,862.79
18-Mar-03,866.45
19-Mar-03,874.02
20-Mar-03,875.67
21-Mar-03,895.79
24-Mar-03,864.23
25-Mar-03,874.74
26-Mar-03,869.95
27-Mar-03,868.52
28-Mar-03,863.5
31-Mar-03,848.18
01-Apr-03,858.48
02-Apr-03,880.9
03-Apr-03,876.45
04-Apr-03,878.85
07-Apr-03,879.93
08-Apr-03,878.29
09-Apr-03,865.99
10-Apr-03,871.58
11-Apr-03,868.3
14-Apr-03,885.23
15-Apr-03,890.81
16-Apr-03,879.91
17-Apr-03,893.58
21-Apr-03,892.01
22-Apr-03,911.37
23-Apr-03,919.02
24-Apr-03,911.43
25-Apr-03,898.81
28-Apr-03,914.84
29-Apr-03,917.84
30-Apr-03,916.92
01-May-03,916.3
02-May-03,930.08
05-May-03,926.55
06-May-03,934.39
07-May-03,929.62
08-May-03,920.27
09-May-03,933.41
12-May-03,945.11
13-May-03,942.3
14-May-03,939.28
15-May-03,946.67
16-May-03,944.3
19-May-03,920.77
20-May-03,919.73
21-May-03,923.42
22-May-03,931.87
23-May-03,933.22
27-May-03,951.48
28-May-03,953.22
29-May-03,949.64
30-May-03,963.59
02-Jun-03,967
03-Jun-03,971.56
04-Jun-03,986.24
05-Jun-03,990.14
06-Jun-03,987.76
09-Jun-03,975.93
10-Jun-03,984.84
11-Jun-03,997.48
12-Jun-03,998.51
13-Jun-03,988.61
16-Jun-03,1010.74
17-Jun-03,1011.66
18-Jun-03,1010.09
19-Jun-03,994.7
20-Jun-03,995.69
23-Jun-03,981.64
24-Jun-03,983.45
25-Jun-03,975.32
26-Jun-03,985.82
27-Jun-03,976.22
30-Jun-03,974.5
01-Jul-03,982.32
02-Jul-03,993.75
03-Jul-03,985.7
07-Jul-03,1004.42
08-Jul-03,1007.84
09-Jul-03,1002.21
10-Jul-03,988.7
11-Jul-03,998.14
14-Jul-03,1003.86
15-Jul-03,1000.42
16-Jul-03,994.09
17-Jul-03,981.73
18-Jul-03,993.32
21-Jul-03,978.8
22-Jul-03,988.11
23-Jul-03,988.61
24-Jul-03,981.6
25-Jul-03,998.68
28-Jul-03,996.52
29-Jul-03,989.28
30-Jul-03,987.49
31-Jul-03,990.31
01-Aug-03,980.15
04-Aug-03,982.82
05-Aug-03,965.46
06-Aug-03,967.08
07-Aug-03,974.12
08-Aug-03,977.59
11-Aug-03,980.59
12-Aug-03,990.35
13-Aug-03,984.03
14-Aug-03,990.51
15-Aug-03,990.67
18-Aug-03,999.74
19-Aug-03,1002.35
20-Aug-03,1000.3
21-Aug-03,1003.27
22-Aug-03,993.06
25-Aug-03,993.71
26-Aug-03,996.73
27-Aug-03,996.79
28-Aug-03,1002.84
29-Aug-03,1008.01
02-Sep-03,1021.99
03-Sep-03,1026.27
04-Sep-03,1027.97
05-Sep-03,1021.39
08-Sep-03,1031.64
09-Sep-03,1023.17
10-Sep-03,1010.92
11-Sep-03,1016.42
12-Sep-03,1018.63
15-Sep-03,1014.81
16-Sep-03,1029.32
17-Sep-03,1025.97
18-Sep-03,1039.58
19-Sep-03,1036.3
22-Sep-03,1022.82
23-Sep-03,1029.03
24-Sep-03,1009.38
25-Sep-03,1003.27
26-Sep-03,996.85
29-Sep-03,1006.58
30-Sep-03,995.97
01-Oct-03,1018.22
02-Oct-03,1020.24
03-Oct-03,1029.85
06-Oct-03,1034.35
07-Oct-03,1039.25
08-Oct-03,1033.78
09-Oct-03,1038.73
10-Oct-03,1038.06
13-Oct-03,1045.35
14-Oct-03,1049.48
15-Oct-03,1046.76
16-Oct-03,1050.07
17-Oct-03,1039.32
20-Oct-03,1044.68
21-Oct-03,1046.03
22-Oct-03,1030.36
23-Oct-03,1033.77
24-Oct-03,1028.91
27-Oct-03,1031.13
28-Oct-03,1046.79
29-Oct-03,1048.11
30-Oct-03,1046.94
31-Oct-03,1050.71
03-Nov-03,1059.02
04-Nov-03,1053.25
05-Nov-03,1051.81
06-Nov-03,1058.05
07-Nov-03,1053.21
10-Nov-03,1047.11
11-Nov-03,1046.57
12-Nov-03,1058.53
13-Nov-03,1058.41
14-Nov-03,1050.35
17-Nov-03,1043.63
18-Nov-03,1034.15
19-Nov-03,1042.44
20-Nov-03,1033.65
21-Nov-03,1035.28
24-Nov-03,1052.08
25-Nov-03,1053.89
26-Nov-03,1058.45
28-Nov-03,1058.2
01-Dec-03,1070.12
02-Dec-03,1066.62
03-Dec-03,1064.73
04-Dec-03,1069.72
05-Dec-03,1061.5
08-Dec-03,1069.3
09-Dec-03,1060.18
10-Dec-03,1059.05
11-Dec-03,1071.21
12-Dec-03,1074.14
15-Dec-03,1068.04
16-Dec-03,1075.13
17-Dec-03,1076.48
18-Dec-03,1089.18
19-Dec-03,1088.66
22-Dec-03,1092.94
23-Dec-03,1096.02
24-Dec-03,1094.04
26-Dec-03,1095.89
29-Dec-03,1109.48
30-Dec-03,1109.64
31-Dec-03,1111.92
02-Jan-04,1108.48
05-Jan-04,1122.22
06-Jan-04,1123.67
07-Jan-04,1126.33
08-Jan-04,1131.92
09-Jan-04,1121.86
12-Jan-04,1127.23
13-Jan-04,1121.22
14-Jan-04,1130.52
15-Jan-04,1132.05
16-Jan-04,1139.83
20-Jan-04,1138.77
21-Jan-04,1147.62
22-Jan-04,1143.94
23-Jan-04,1141.55
26-Jan-04,1155.37
27-Jan-04,1144.05
28-Jan-04,1128.48
29-Jan-04,1134.11
30-Jan-04,1131.13
02-Feb-04,1135.26
03-Feb-04,1136.03
04-Feb-04,1126.52
05-Feb-04,1128.59
06-Feb-04,1142.76
09-Feb-04,1139.81
10-Feb-04,1145.54
11-Feb-04,1157.76
12-Feb-04,1152.11
13-Feb-04,1145.81
17-Feb-04,1156.99
18-Feb-04,1151.82
19-Feb-04,1147.06
20-Feb-04,1144.11
23-Feb-04,1140.99
24-Feb-04,1139.09
25-Feb-04,1143.67
26-Feb-04,1144.91
27-Feb-04,1144.94
01-Mar-04,1155.97
02-Mar-04,1149.1
03-Mar-04,1151.03
04-Mar-04,1154.87
05-Mar-04,1156.86
08-Mar-04,1147.2
09-Mar-04,1140.58
10-Mar-04,1123.89
11-Mar-04,1106.78
12-Mar-04,1120.57
15-Mar-04,1104.49
16-Mar-04,1110.7
17-Mar-04,1123.75
18-Mar-04,1122.32
19-Mar-04,1109.78
22-Mar-04,1095.4
23-Mar-04,1093.95
24-Mar-04,1091.33
25-Mar-04,1109.19
26-Mar-04,1108.06
29-Mar-04,1122.47
30-Mar-04,1127
31-Mar-04,1126.21
01-Apr-04,1132.17
02-Apr-04,1141.81
05-Apr-04,1150.57
06-Apr-04,1148.16
07-Apr-04,1140.53
08-Apr-04,1139.32
12-Apr-04,1145.2
13-Apr-04,1129.44
14-Apr-04,1128.17
15-Apr-04,1128.84
16-Apr-04,1134.61
19-Apr-04,1135.82
20-Apr-04,1118.15
21-Apr-04,1124.09
22-Apr-04,1139.93
23-Apr-04,1140.6
26-Apr-04,1135.53
27-Apr-04,1138.11
28-Apr-04,1122.41
29-Apr-04,1113.89
30-Apr-04,1107.3
03-May-04,1117.49
04-May-04,1119.55
05-May-04,1121.53
06-May-04,1113.99
07-May-04,1098.7
10-May-04,1087.12
11-May-04,1095.45
12-May-04,1097.28
13-May-04,1096.44
14-May-04,1095.7
17-May-04,1084.1
18-May-04,1091.49
19-May-04,1088.68
20-May-04,1089.19
21-May-04,1093.56
24-May-04,1095.41
25-May-04,1113.05
26-May-04,1114.94
27-May-04,1121.28
28-May-04,1120.68
01-Jun-04,1121.2
02-Jun-04,1124.99
03-Jun-04,1116.64
04-Jun-04,1122.5
07-Jun-04,1140.42
08-Jun-04,1142.18
09-Jun-04,1131.33
10-Jun-04,1136.47
14-Jun-04,1125.29
15-Jun-04,1132.01
16-Jun-04,1133.56
17-Jun-04,1132.05
18-Jun-04,1135.02
21-Jun-04,1130.3
22-Jun-04,1134.41
23-Jun-04,1144.06
24-Jun-04,1140.65
25-Jun-04,1134.43
28-Jun-04,1133.35
29-Jun-04,1136.2
30-Jun-04,1140.84
01-Jul-04,1128.94
02-Jul-04,1125.38
06-Jul-04,1116.21
07-Jul-04,1118.33
08-Jul-04,1109.11
09-Jul-04,1112.81
12-Jul-04,1114.35
13-Jul-04,1115.14
14-Jul-04,1111.47
15-Jul-04,1106.69
16-Jul-04,1101.39
19-Jul-04,1100.9
20-Jul-04,1108.67
21-Jul-04,1093.88
22-Jul-04,1096.84
23-Jul-04,1086.2
26-Jul-04,1084.07
27-Jul-04,1094.83
28-Jul-04,1095.42
29-Jul-04,1100.43
30-Jul-04,1101.72
02-Aug-04,1106.62
03-Aug-04,1099.69
04-Aug-04,1098.63
05-Aug-04,1080.7
06-Aug-04,1063.97
09-Aug-04,1065.22
10-Aug-04,1079.04
11-Aug-04,1075.79
12-Aug-04,1063.23
13-Aug-04,1064.8
16-Aug-04,1079.34
17-Aug-04,1081.71
18-Aug-04,1095.17
19-Aug-04,1091.23
20-Aug-04,1098.35
23-Aug-04,1095.68
24-Aug-04,1096.19
25-Aug-04,1104.96
26-Aug-04,1105.09
27-Aug-04,1107.77
30-Aug-04,1099.15
31-Aug-04,1104.24
01-Sep-04,1105.91
02-Sep-04,1118.31
03-Sep-04,1113.63
07-Sep-04,1121.3
08-Sep-04,1116.27
09-Sep-04,1118.38
10-Sep-04,1123.92
13-Sep-04,1125.82
14-Sep-04,1128.33
15-Sep-04,1120.37
16-Sep-04,1123.5
17-Sep-04,1128.55
20-Sep-04,1122.2
21-Sep-04,1129.3
22-Sep-04,1113.56
23-Sep-04,1108.36
24-Sep-04,1110.11
27-Sep-04,1103.52
28-Sep-04,1110.06
29-Sep-04,1114.8
30-Sep-04,1114.58
01-Oct-04,1131.5
04-Oct-04,1135.17
05-Oct-04,1134.48
06-Oct-04,1142.05
07-Oct-04,1130.65
08-Oct-04,1122.14
11-Oct-04,1124.39
12-Oct-04,1121.84
13-Oct-04,1113.65
14-Oct-04,1103.29
15-Oct-04,1108.2
18-Oct-04,1114.02
19-Oct-04,1103.23
20-Oct-04,1103.66
21-Oct-04,1106.49
22-Oct-04,1095.74
25-Oct-04,1094.8
26-Oct-04,1111.09
27-Oct-04,1125.4
28-Oct-04,1127.44
29-Oct-04,1130.2
01-Nov-04,1130.51
02-Nov-04,1130.56
03-Nov-04,1143.2
04-Nov-04,1161.67
05-Nov-04,1166.17
08-Nov-04,1164.89
09-Nov-04,1164.08
10-Nov-04,1162.91
11-Nov-04,1173.48
12-Nov-04,1184.17
15-Nov-04,1183.81
16-Nov-04,1175.43
17-Nov-04,1181.94
18-Nov-04,1183.55
19-Nov-04,1170.34
22-Nov-04,1177.24
23-Nov-04,1176.94
24-Nov-04,1181.76
26-Nov-04,1182.65
29-Nov-04,1178.57
30-Nov-04,1173.82
01-Dec-04,1191.37
02-Dec-04,1190.33
03-Dec-04,1191.17
06-Dec-04,1190.25
07-Dec-04,1177.07
08-Dec-04,1182.81
09-Dec-04,1189.24
10-Dec-04,1188
13-Dec-04,1198.68
14-Dec-04,1203.38
15-Dec-04,1205.72
16-Dec-04,1203.21
17-Dec-04,1194.2
20-Dec-04,1194.65
21-Dec-04,1205.45
22-Dec-04,1209.57
23-Dec-04,1210.13
27-Dec-04,1204.92
28-Dec-04,1213.54
29-Dec-04,1213.45
30-Dec-04,1213.55
31-Dec-04,1211.92
03-Jan-05,1202.08
04-Jan-05,1188.05
05-Jan-05,1183.74
06-Jan-05,1187.89
07-Jan-05,1186.19
10-Jan-05,1190.25
11-Jan-05,1182.99
12-Jan-05,1187.7
13-Jan-05,1177.45
14-Jan-05,1184.52
18-Jan-05,1195.98
19-Jan-05,1184.63
20-Jan-05,1175.41
21-Jan-05,1167.87
24-Jan-05,1163.75
25-Jan-05,1168.41
26-Jan-05,1174.07
27-Jan-05,1174.55
28-Jan-05,1171.36
31-Jan-05,1181.27
01-Feb-05,1189.41
02-Feb-05,1193.19
03-Feb-05,1189.89
04-Feb-05,1203.03
07-Feb-05,1201.72
08-Feb-05,1202.3
09-Feb-05,1191.99
10-Feb-05,1197.01
11-Feb-05,1205.3
14-Feb-05,1206.14
15-Feb-05,1210.12
16-Feb-05,1210.34
17-Feb-05,1200.75
18-Feb-05,1201.59
22-Feb-05,1184.16
23-Feb-05,1190.8
24-Feb-05,1200.2
25-Feb-05,1211.37
28-Feb-05,1203.6
01-Mar-05,1210.41
02-Mar-05,1210.08
03-Mar-05,1210.47
04-Mar-05,1222.12
07-Mar-05,1225.31
08-Mar-05,1219.43
09-Mar-05,1207.01
10-Mar-05,1209.25
11-Mar-05,1200.08
14-Mar-05,1206.83
15-Mar-05,1197.75
16-Mar-05,1188.07
17-Mar-05,1190.21
18-Mar-05,1189.65
21-Mar-05,1183.78
22-Mar-05,1171.71
23-Mar-05,1172.53
24-Mar-05,1171.42
28-Mar-05,1174.28
29-Mar-05,1165.36
30-Mar-05,1181.41
31-Mar-05,1180.59
01-Apr-05,1172.92
04-Apr-05,1176.12
05-Apr-05,1181.39
06-Apr-05,1184.07
07-Apr-05,1191.14
08-Apr-05,1181.2
11-Apr-05,1181.21
12-Apr-05,1187.76
13-Apr-05,1173.79
14-Apr-05,1162.05
15-Apr-05,1142.62
18-Apr-05,1145.98
19-Apr-05,1152.78
20-Apr-05,1137.5
21-Apr-05,1159.95
22-Apr-05,1152.12
25-Apr-05,1162.1
26-Apr-05,1151.83
27-Apr-05,1156.38
28-Apr-05,1143.22
29-Apr-05,1156.85
02-May-05,1162.16
03-May-05,1161.17
04-May-05,1175.65
05-May-05,1172.63
06-May-05,1171.35
09-May-05,1178.84
10-May-05,1166.22
11-May-05,1171.11
12-May-05,1159.36
13-May-05,1154.05
16-May-05,1165.69
17-May-05,1173.8
18-May-05,1185.56
19-May-05,1191.08
20-May-05,1189.28
23-May-05,1193.86
24-May-05,1194.07
25-May-05,1190.01
26-May-05,1197.62
27-May-05,1198.78
31-May-05,1191.5
01-Jun-05,1202.22
02-Jun-05,1204.29
03-Jun-05,1196.02
06-Jun-05,1197.51
07-Jun-05,1197.26
08-Jun-05,1194.67
09-Jun-05,1200.93
10-Jun-05,1198.11
13-Jun-05,1200.82
14-Jun-05,1203.91
15-Jun-05,1206.58
16-Jun-05,1210.96
17-Jun-05,1216.96
20-Jun-05,1216.1
21-Jun-05,1213.61
22-Jun-05,1213.88
23-Jun-05,1200.73
24-Jun-05,1191.57
27-Jun-05,1190.69
28-Jun-05,1201.57
29-Jun-05,1199.85
30-Jun-05,1191.33
01-Jul-05,1194.44
05-Jul-05,1204.99
06-Jul-05,1194.94
07-Jul-05,1197.87
08-Jul-05,1211.86
11-Jul-05,1219.44
12-Jul-05,1222.21
13-Jul-05,1223.29
14-Jul-05,1226.5
15-Jul-05,1227.92
18-Jul-05,1221.13
19-Jul-05,1229.35
20-Jul-05,1235.2
21-Jul-05,1227.04
22-Jul-05,1233.68
25-Jul-05,1229.03
26-Jul-05,1231.16
27-Jul-05,1236.79
28-Jul-05,1243.72
29-Jul-05,1234.18
01-Aug-05,1235.35
02-Aug-05,1244.12
03-Aug-05,1245.04
04-Aug-05,1235.86
05-Aug-05,1226.42
08-Aug-05,1223.13
09-Aug-05,1231.38
10-Aug-05,1229.13
11-Aug-05,1237.81
12-Aug-05,1230.39
15-Aug-05,1233.87
16-Aug-05,1219.34
17-Aug-05,1220.24
18-Aug-05,1219.02
19-Aug-05,1219.71
22-Aug-05,1221.73
23-Aug-05,1217.59
24-Aug-05,1209.59
25-Aug-05,1212.37
26-Aug-05,1205.1
29-Aug-05,1212.28
30-Aug-05,1208.41
31-Aug-05,1220.33
01-Sep-05,1221.59
02-Sep-05,1218.02
06-Sep-05,1233.39
07-Sep-05,1236.36
08-Sep-05,1231.67
09-Sep-05,1241.48
12-Sep-05,1240.56
13-Sep-05,1231.2
14-Sep-05,1227.16
15-Sep-05,1227.73
16-Sep-05,1237.91
19-Sep-05,1231.02
20-Sep-05,1221.34
21-Sep-05,1210.2
22-Sep-05,1214.62
23-Sep-05,1215.29
26-Sep-05,1215.63
27-Sep-05,1215.66
28-Sep-05,1216.89
29-Sep-05,1227.68
30-Sep-05,1228.81
03-Oct-05,1226.7
04-Oct-05,1214.47
05-Oct-05,1196.39
06-Oct-05,1191.49
07-Oct-05,1195.9
10-Oct-05,1187.33
11-Oct-05,1184.87
12-Oct-05,1177.68
13-Oct-05,1176.84
14-Oct-05,1186.57
17-Oct-05,1190.1
18-Oct-05,1178.14
19-Oct-05,1195.76
20-Oct-05,1177.8
21-Oct-05,1179.59
24-Oct-05,1199.38
25-Oct-05,1196.54
26-Oct-05,1191.38
27-Oct-05,1178.9
28-Oct-05,1198.41
31-Oct-05,1207.01
01-Nov-05,1202.76
02-Nov-05,1214.76
03-Nov-05,1219.94
04-Nov-05,1220.14
07-Nov-05,1222.81
08-Nov-05,1218.59
09-Nov-05,1220.65
10-Nov-05,1230.96
11-Nov-05,1234.72
14-Nov-05,1233.76
15-Nov-05,1229.01
16-Nov-05,1231.21
17-Nov-05,1242.8
18-Nov-05,1248.27
21-Nov-05,1254.85
22-Nov-05,1261.23
23-Nov-05,1265.61
25-Nov-05,1268.25
28-Nov-05,1257.46
29-Nov-05,1257.48
30-Nov-05,1249.48
01-Dec-05,1264.67
02-Dec-05,1265.08
05-Dec-05,1262.09
06-Dec-05,1263.7
07-Dec-05,1257.37
08-Dec-05,1255.84
09-Dec-05,1259.37
12-Dec-05,1260.43
13-Dec-05,1267.43
14-Dec-05,1272.74
15-Dec-05,1270.94
16-Dec-05,1267.32
19-Dec-05,1259.92
20-Dec-05,1259.62
21-Dec-05,1262.79
22-Dec-05,1268.12
23-Dec-05,1268.66
27-Dec-05,1256.54
28-Dec-05,1258.17
29-Dec-05,1254.42
30-Dec-05,1248.29
03-Jan-06,1268.8
04-Jan-06,1273.46
05-Jan-06,1273.48
06-Jan-06,1285.45
09-Jan-06,1290.15
10-Jan-06,1289.69
11-Jan-06,1294.18
12-Jan-06,1286.06
13-Jan-06,1287.61
17-Jan-06,1283.03
18-Jan-06,1277.93
19-Jan-06,1285.04
20-Jan-06,1261.49
23-Jan-06,1263.82
24-Jan-06,1266.86
25-Jan-06,1264.68
26-Jan-06,1273.83
27-Jan-06,1283.72
30-Jan-06,1285.19
31-Jan-06,1280.08
01-Feb-06,1282.46
02-Feb-06,1270.84
03-Feb-06,1264.03
06-Feb-06,1265.02
07-Feb-06,1254.78
08-Feb-06,1265.65
09-Feb-06,1263.78
10-Feb-06,1266.99
13-Feb-06,1262.86
14-Feb-06,1275.53
15-Feb-06,1280
16-Feb-06,1289.38
17-Feb-06,1287.24
21-Feb-06,1283.03
22-Feb-06,1292.67
23-Feb-06,1287.79
24-Feb-06,1289.43
27-Feb-06,1294.12
28-Feb-06,1280.66
01-Mar-06,1291.24
02-Mar-06,1289.14
03-Mar-06,1287.23
06-Mar-06,1278.26
07-Mar-06,1275.88
08-Mar-06,1278.47
09-Mar-06,1272.23
10-Mar-06,1281.42
13-Mar-06,1284.13
14-Mar-06,1297.48
15-Mar-06,1303.02
16-Mar-06,1305.33
17-Mar-06,1307.25
20-Mar-06,1305.08
21-Mar-06,1297.23
22-Mar-06,1305.04
23-Mar-06,1301.67
24-Mar-06,1302.95
27-Mar-06,1301.61
28-Mar-06,1293.23
29-Mar-06,1302.89
30-Mar-06,1300.25
31-Mar-06,1294.87
03-Apr-06,1297.81
04-Apr-06,1305.93
05-Apr-06,1311.56
06-Apr-06,1309.04
07-Apr-06,1295.5
10-Apr-06,1296.62
11-Apr-06,1286.57
12-Apr-06,1288.12
13-Apr-06,1289.12
17-Apr-06,1285.33
18-Apr-06,1307.28
19-Apr-06,1309.93
20-Apr-06,1311.46
21-Apr-06,1311.28
24-Apr-06,1308.11
25-Apr-06,1301.74
26-Apr-06,1305.41
27-Apr-06,1309.72
28-Apr-06,1310.61
01-May-06,1305.19
02-May-06,1313.21
03-May-06,1308.12
04-May-06,1312.25
05-May-06,1325.76
08-May-06,1324.66
09-May-06,1325.14
10-May-06,1322.85
11-May-06,1305.92
12-May-06,1291.24
15-May-06,1294.5
16-May-06,1292.08
17-May-06,1270.32
18-May-06,1261.81
19-May-06,1267.03
22-May-06,1262.07
23-May-06,1256.58
24-May-06,1258.57
25-May-06,1272.88
26-May-06,1280.16
30-May-06,1259.87
31-May-06,1270.09
01-Jun-06,1285.71
02-Jun-06,1288.22
05-Jun-06,1265.29
06-Jun-06,1263.85
07-Jun-06,1256.15
08-Jun-06,1257.93
09-Jun-06,1252.3
12-Jun-06,1237.44
13-Jun-06,1223.69
14-Jun-06,1230.04
15-Jun-06,1256.16
16-Jun-06,1251.54
19-Jun-06,1240.13
20-Jun-06,1240.12
21-Jun-06,1252.2
22-Jun-06,1245.6
23-Jun-06,1244.5
26-Jun-06,1250.56
27-Jun-06,1239.2
28-Jun-06,1246
29-Jun-06,1272.87
30-Jun-06,1270.2
03-Jul-06,1280.19
05-Jul-06,1270.91
06-Jul-06,1274.08
07-Jul-06,1265.48
10-Jul-06,1267.34
11-Jul-06,1272.43
12-Jul-06,1258.6
13-Jul-06,1242.28
14-Jul-06,1236.2
17-Jul-06,1234.49
18-Jul-06,1236.86
19-Jul-06,1259.81
20-Jul-06,1249.13
21-Jul-06,1240.29
24-Jul-06,1260.91
25-Jul-06,1268.88
26-Jul-06,1268.4
27-Jul-06,1263.2
28-Jul-06,1278.55
31-Jul-06,1276.66
01-Aug-06,1270.92
02-Aug-06,1277.41
03-Aug-06,1280.27
04-Aug-06,1279.36
07-Aug-06,1275.77
08-Aug-06,1271.48
09-Aug-06,1265.95
10-Aug-06,1271.81
11-Aug-06,1266.74
14-Aug-06,1268.21
15-Aug-06,1285.58
16-Aug-06,1295.43
17-Aug-06,1297.48
18-Aug-06,1302.3
21-Aug-06,1297.52
22-Aug-06,1298.82
23-Aug-06,1292.99
24-Aug-06,1296.06
25-Aug-06,1295.09
28-Aug-06,1301.78
29-Aug-06,1304.28
30-Aug-06,1305.37
31-Aug-06,1303.82
01-Sep-06,1311.01
05-Sep-06,1313.25
06-Sep-06,1300.26
07-Sep-06,1294.02
08-Sep-06,1298.92
11-Sep-06,1299.54
12-Sep-06,1313
13-Sep-06,1318.07
14-Sep-06,1316.28
15-Sep-06,1319.66
18-Sep-06,1321.18
19-Sep-06,1317.64
20-Sep-06,1325.18
21-Sep-06,1318.03
22-Sep-06,1314.78
25-Sep-06,1326.37
26-Sep-06,1336.35
27-Sep-06,1336.59
28-Sep-06,1338.88
29-Sep-06,1335.85
02-Oct-06,1331.32
03-Oct-06,1334.11
04-Oct-06,1350.2
05-Oct-06,1353.22
06-Oct-06,1349.59
09-Oct-06,1350.66
10-Oct-06,1353.42
11-Oct-06,1349.95
12-Oct-06,1362.83
13-Oct-06,1365.62
16-Oct-06,1369.06
17-Oct-06,1364.05
18-Oct-06,1365.8
19-Oct-06,1366.96
20-Oct-06,1368.6
23-Oct-06,1377.02
24-Oct-06,1377.38
25-Oct-06,1382.22
26-Oct-06,1389.08
27-Oct-06,1377.34
30-Oct-06,1377.93
31-Oct-06,1377.94
01-Nov-06,1367.81
02-Nov-06,1367.34
03-Nov-06,1364.3
06-Nov-06,1379.78
07-Nov-06,1382.84
08-Nov-06,1385.72
09-Nov-06,1378.33
10-Nov-06,1380.9
13-Nov-06,1384.42
14-Nov-06,1393.22
15-Nov-06,1396.57
16-Nov-06,1399.76
17-Nov-06,1401.2
20-Nov-06,1400.5
21-Nov-06,1402.81
22-Nov-06,1406.09
24-Nov-06,1400.95
27-Nov-06,1381.96
28-Nov-06,1386.72
29-Nov-06,1399.48
30-Nov-06,1400.63
01-Dec-06,1396.71
04-Dec-06,1409.12
05-Dec-06,1414.76
06-Dec-06,1412.9
07-Dec-06,1407.29
08-Dec-06,1409.84
11-Dec-06,1413.04
12-Dec-06,1411.56
13-Dec-06,1413.21
14-Dec-06,1425.49
15-Dec-06,1427.09
18-Dec-06,1422.48
19-Dec-06,1425.55
20-Dec-06,1423.53
21-Dec-06,1418.3
22-Dec-06,1410.76
26-Dec-06,1416.9
27-Dec-06,1426.84
28-Dec-06,1424.73
29-Dec-06,1418.3
03-Jan-07,1416.6
04-Jan-07,1418.34
05-Jan-07,1409.71
08-Jan-07,1412.84
09-Jan-07,1412.11
10-Jan-07,1414.85
11-Jan-07,1423.82
12-Jan-07,1430.73
16-Jan-07,1431.9
17-Jan-07,1430.62
18-Jan-07,1426.37
19-Jan-07,1430.5
22-Jan-07,1422.95
23-Jan-07,1427.99
24-Jan-07,1440.13
25-Jan-07,1423.9
26-Jan-07,1422.18
29-Jan-07,1420.62
30-Jan-07,1428.82
31-Jan-07,1438.24
01-Feb-07,1445.94
02-Feb-07,1448.39
05-Feb-07,1446.99
06-Feb-07,1448
07-Feb-07,1450.02
08-Feb-07,1448.31
09-Feb-07,1438.06
12-Feb-07,1433.37
13-Feb-07,1444.26
14-Feb-07,1455.3
15-Feb-07,1456.81
16-Feb-07,1455.54
20-Feb-07,1459.68
21-Feb-07,1457.63
22-Feb-07,1456.38
23-Feb-07,1451.19
26-Feb-07,1449.37
27-Feb-07,1399.04
28-Feb-07,1406.82
01-Mar-07,1403.17
02-Mar-07,1387.17
05-Mar-07,1374.12
06-Mar-07,1395.41
07-Mar-07,1391.97
08-Mar-07,1401.89
09-Mar-07,1402.84
12-Mar-07,1406.6
13-Mar-07,1377.95
14-Mar-07,1387.17
15-Mar-07,1392.28
16-Mar-07,1386.95
19-Mar-07,1402.06
20-Mar-07,1410.94
21-Mar-07,1435.04
22-Mar-07,1434.54
23-Mar-07,1436.11
26-Mar-07,1437.5
27-Mar-07,1428.61
28-Mar-07,1417.23
29-Mar-07,1422.53
30-Mar-07,1420.86
02-Apr-07,1424.55
03-Apr-07,1437.77
04-Apr-07,1439.37
05-Apr-07,1443.76
09-Apr-07,1444.61
10-Apr-07,1448.39
11-Apr-07,1438.87
12-Apr-07,1447.8
13-Apr-07,1452.85
16-Apr-07,1468.33
17-Apr-07,1471.48
18-Apr-07,1472.5
19-Apr-07,1470.73
20-Apr-07,1484.35
23-Apr-07,1480.93
24-Apr-07,1480.41
25-Apr-07,1495.42
26-Apr-07,1494.25
27-Apr-07,1494.07
30-Apr-07,1482.37
01-May-07,1486.3
02-May-07,1495.92
03-May-07,1502.39
04-May-07,1505.62
07-May-07,1509.48
08-May-07,1507.72
09-May-07,1512.58
10-May-07,1491.47
11-May-07,1505.85
14-May-07,1503.15
15-May-07,1501.19
16-May-07,1514.14
17-May-07,1512.75
18-May-07,1522.75
21-May-07,1525.1
22-May-07,1524.12
23-May-07,1522.28
24-May-07,1507.51
25-May-07,1515.73
29-May-07,1518.11
30-May-07,1530.23
31-May-07,1530.62
01-Jun-07,1536.34
04-Jun-07,1539.18
05-Jun-07,1530.95
06-Jun-07,1517.38
07-Jun-07,1490.72
08-Jun-07,1507.67
11-Jun-07,1509.12
12-Jun-07,1493
13-Jun-07,1515.67
14-Jun-07,1522.97
15-Jun-07,1532.91
18-Jun-07,1531.05
19-Jun-07,1533.7
20-Jun-07,1512.84
21-Jun-07,1522.19
22-Jun-07,1502.56
25-Jun-07,1497.74
26-Jun-07,1492.89
27-Jun-07,1506.34
28-Jun-07,1505.71
29-Jun-07,1503.35
02-Jul-07,1519.43
03-Jul-07,1524.87
05-Jul-07,1525.4
06-Jul-07,1530.44
09-Jul-07,1531.85
10-Jul-07,1510.12
11-Jul-07,1518.76
12-Jul-07,1547.7
13-Jul-07,1552.5
16-Jul-07,1549.52
17-Jul-07,1549.37
18-Jul-07,1546.17
19-Jul-07,1553.08
20-Jul-07,1534.1
23-Jul-07,1541.57
24-Jul-07,1511.04
25-Jul-07,1518.09
26-Jul-07,1482.66
27-Jul-07,1458.95
30-Jul-07,1473.91
31-Jul-07,1455.27
01-Aug-07,1465.81
02-Aug-07,1472.2
03-Aug-07,1433.06
06-Aug-07,1467.67
07-Aug-07,1476.71
08-Aug-07,1497.49
09-Aug-07,1453.09
10-Aug-07,1453.64
13-Aug-07,1452.92
14-Aug-07,1426.54
15-Aug-07,1406.7
16-Aug-07,1411.27
17-Aug-07,1445.94
20-Aug-07,1445.55
21-Aug-07,1447.12
22-Aug-07,1464.07
23-Aug-07,1462.5
24-Aug-07,1479.37
27-Aug-07,1466.79
28-Aug-07,1432.36
29-Aug-07,1463.76
30-Aug-07,1457.64
31-Aug-07,1473.99
04-Sep-07,1489.42
05-Sep-07,1472.29
06-Sep-07,1478.55
07-Sep-07,1453.55
10-Sep-07,1451.7
11-Sep-07,1471.49
12-Sep-07,1471.56
13-Sep-07,1483.95
14-Sep-07,1484.25
17-Sep-07,1476.65
18-Sep-07,1519.78
19-Sep-07,1529.03
20-Sep-07,1518.75
21-Sep-07,1525.75
24-Sep-07,1517.73
25-Sep-07,1517.21
26-Sep-07,1525.42
27-Sep-07,1531.38
28-Sep-07,1526.75
01-Oct-07,1547.04
02-Oct-07,1546.63
03-Oct-07,1539.59
04-Oct-07,1542.84
05-Oct-07,1557.59
08-Oct-07,1552.58
09-Oct-07,1565.15
10-Oct-07,1562.47
11-Oct-07,1554.41
12-Oct-07,1561.8
15-Oct-07,1548.71
16-Oct-07,1538.53
17-Oct-07,1541.24
18-Oct-07,1540.08
19-Oct-07,1500.63
22-Oct-07,1506.33
23-Oct-07,1519.59
24-Oct-07,1515.88
25-Oct-07,1514.4
26-Oct-07,1535.28
29-Oct-07,1540.98
30-Oct-07,1531.02
31-Oct-07,1549.38
01-Nov-07,1508.44
02-Nov-07,1509.65
05-Nov-07,1502.17
06-Nov-07,1520.27
07-Nov-07,1475.62
08-Nov-07,1474.77
09-Nov-07,1453.7
12-Nov-07,1439.18
13-Nov-07,1481.05
14-Nov-07,1470.58
15-Nov-07,1451.15
16-Nov-07,1458.74
19-Nov-07,1433.27
20-Nov-07,1439.7
21-Nov-07,1416.77
23-Nov-07,1440.7
26-Nov-07,1407.22
27-Nov-07,1428.23
28-Nov-07,1469.02
29-Nov-07,1469.72
30-Nov-07,1481.14
03-Dec-07,1472.42
04-Dec-07,1462.79
05-Dec-07,1485.01
06-Dec-07,1507.34
07-Dec-07,1504.66
10-Dec-07,1515.96
11-Dec-07,1477.65
12-Dec-07,1486.59
13-Dec-07,1488.41
14-Dec-07,1467.95
17-Dec-07,1445.9
18-Dec-07,1454.98
19-Dec-07,1453
20-Dec-07,1460.12
21-Dec-07,1484.46
24-Dec-07,1496.45
26-Dec-07,1497.66
27-Dec-07,1476.27
28-Dec-07,1478.49
31-Dec-07,1468.36
02-Jan-08,1447.16
03-Jan-08,1447.16
04-Jan-08,1411.63
07-Jan-08,1416.18
08-Jan-08,1390.19
09-Jan-08,1409.13
10-Jan-08,1420.33
11-Jan-08,1401.02
14-Jan-08,1416.25
15-Jan-08,1380.95
16-Jan-08,1373.2
17-Jan-08,1333.25
18-Jan-08,1325.19
22-Jan-08,1310.5
23-Jan-08,1338.6
24-Jan-08,1352.07
25-Jan-08,1330.61
28-Jan-08,1353.96
29-Jan-08,1362.3
30-Jan-08,1355.81
31-Jan-08,1378.55
01-Feb-08,1395.42
04-Feb-08,1380.82
05-Feb-08,1336.64
06-Feb-08,1326.45
07-Feb-08,1336.91
08-Feb-08,1331.29
11-Feb-08,1339.13
12-Feb-08,1348.86
13-Feb-08,1367.21
14-Feb-08,1348.86
15-Feb-08,1349.99
19-Feb-08,1348.78
20-Feb-08,1360.03
21-Feb-08,1342.53
22-Feb-08,1353.11
25-Feb-08,1371.8
26-Feb-08,1381.29
27-Feb-08,1380.02
28-Feb-08,1367.68
29-Feb-08,1330.63
03-Mar-08,1331.34
04-Mar-08,1326.75
05-Mar-08,1333.7
06-Mar-08,1304.34
07-Mar-08,1293.37
10-Mar-08,1273.37
11-Mar-08,1320.65
12-Mar-08,1308.77
13-Mar-08,1315.48
14-Mar-08,1288.14
17-Mar-08,1276.6
18-Mar-08,1330.74
19-Mar-08,1298.42
20-Mar-08,1329.51
24-Mar-08,1349.88
25-Mar-08,1352.99
26-Mar-08,1341.13
27-Mar-08,1325.76
28-Mar-08,1315.22
31-Mar-08,1322.7
